pair,cohort,n,rho_raw,rho_part,gain
CXCL10-CXCL11,ACC,77,0.7646517564039633,0.7641669395822649,0.38961038961038963
CXCL9-CXCL10,ACC,77,0.8308270676691729,0.8307159889447814,0.38961038961038963
CXCL1-IL8,ACC,77,0.31475897158565286,0.2926691717498038,0.4025974025974026
C7-PLCXD3,ACC,77,0.735001840264998,0.7360067034854343,0.7012987012987013
CXCL10-CXCL11,BLCA,403,0.9415821481117755,0.9418355057216792,0.13399503722084366
CXCL9-CXCL10,BLCA,403,0.9023268665150281,0.9023531257391766,0.13399503722084366
CXCL1-IL8,BLCA,403,0.824550653707115,0.8251504059447521,0.14640198511166252
C7-PLCXD3,BLCA,403,0.49510193136173813,0.5076896376926996,0.4640198511166253
CXCL10-CXCL11,BRCA,1078,0.95524277704381,0.955331788726649,0.14471243042671614
CXCL9-CXCL10,BRCA,1078,0.8167284079289328,0.8164166411479612,0.14471243042671614
CXCL1-IL8,BRCA,1078,0.5719789828505124,0.5708776908263935,0.1456400742115028
C7-PLCXD3,BRCA,1078,0.843640309361097,0.8453003930719871,0.3293135435992579
CXCL10-CXCL11,CESC,290,0.9111422758082323,0.9109909601200056,0.07931034482758621
CXCL9-CXCL10,CESC,290,0.8468450360843193,0.8472267759839701,0.07931034482758621
CXCL1-IL8,CESC,290,0.7471728517006434,0.7452956000707136,0.07931034482758621
C7-PLCXD3,CESC,290,0.6877332964264032,0.6862070736250651,0.40344827586206894
CXCL10-CXCL11,CHOL,36,0.8684684684684685,0.8633238989952903,0.08333333333333333
CXCL9-CXCL10,CHOL,36,0.9243243243243244,0.9215988793805887,0.08333333333333333
CXCL1-IL8,CHOL,36,0.8380952380952381,0.8402644646426706,0.05555555555555555
C7-PLCXD3,CHOL,36,0.46023166023166023,0.46330473014095774,0.3055555555555556
CXCL10-CXCL11,COAD,283,0.8315577246654122,0.8320887338765961,0.0353356890459364
CXCL9-CXCL10,COAD,283,0.9235851164425843,0.923360936449415,0.0353356890459364
CXCL1-IL8,COAD,283,0.5909552195145892,0.5839588626056685,0.0353356890459364
C7-PLCXD3,COAD,283,0.7045816164871866,0.7010879373056548,0.17314487632508835
CXCL10-CXCL11,DLBC,48,0.9410551454624404,0.9423590271805959,0.0
CXCL9-CXCL10,DLBC,48,0.8983933999131567,0.9068125049585213,0.0
CXCL1-IL8,DLBC,48,0.6674084731201042,0.6538033211154979,0.0
C7-PLCXD3,DLBC,48,0.7169532368999706,0.7336221397177907,0.14583333333333334
CXCL10-CXCL11,ESCA,183,0.885518081348445,0.8845936865010915,0.16939890710382513
CXCL9-CXCL10,ESCA,183,0.8530973659270169,0.8528541516159776,0.16939890710382513
CXCL1-IL8,ESCA,183,0.761680602829489,0.7623338030284743,0.18032786885245902
C7-PLCXD3,ESCA,183,0.7207405306990714,0.7281727444595035,0.4918032786885246
CXCL10-CXCL11,GBM,148,0.8526821575718989,0.8523939320585961,0.033783783783783786
CXCL9-CXCL10,GBM,148,0.6593845524538083,0.6589764888649841,0.033783783783783786
CXCL1-IL8,GBM,148,0.7242140099282958,0.7212897682226321,0.033783783783783786
C7-PLCXD3,GBM,148,0.20293776861370344,0.19248400300495494,0.07432432432432433
CXCL10-CXCL11,HNSC,514,0.9472004433231942,0.9469271324603561,0.13229571984435798
CXCL9-CXCL10,HNSC,514,0.8635448317720935,0.8631001521622457,0.13229571984435798
CXCL1-IL8,HNSC,514,0.6903386235178375,0.684189789983173,0.14591439688715954
C7-PLCXD3,HNSC,514,0.723389878275464,0.724750009407157,0.4143968871595331
CXCL10-CXCL11,KICH,66,0.8795115332428767,0.8813466945083104,0.3484848484848485
CXCL9-CXCL10,KICH,66,0.6265108026302056,0.6293992287274566,0.3484848484848485
CXCL1-IL8,KICH,66,0.8730916128530816,0.8741783248801659,0.3484848484848485
C7-PLCXD3,KICH,66,0.20605364784469263,0.19522431118502273,0.13636363636363635
CXCL10-CXCL11,KIRC,525,0.9484999833520616,0.9485438309922481,0.024761904761904763
CXCL9-CXCL10,KIRC,525,0.8903174650134635,0.8902410810134808,0.024761904761904763
CXCL1-IL8,KIRC,525,0.6039017176051854,0.6037862332383223,0.02666666666666667
C7-PLCXD3,KIRC,525,0.6419871613066517,0.6428187421477575,0.3219047619047619
CXCL10-CXCL11,KIRP,288,0.8749380054006328,0.8716524912772435,0.034722222222222224
CXCL9-CXCL10,KIRP,288,0.8528915506346232,0.8524760339386406,0.034722222222222224
CXCL1-IL8,KIRP,288,0.6906897772528802,0.6921350356129072,0.034722222222222224
C7-PLCXD3,KIRP,288,0.4343310212954809,0.4268953985849484,0.11458333333333333
CXCL10-CXCL11,LAML,166,0.6115158774492893,0.6154481405088918,0.012048192771084338
CXCL9-CXCL10,LAML,166,0.5758478616758976,0.5776298254807548,0.012048192771084338
CXCL1-IL8,LAML,166,0.6761045903449558,0.6748701171365178,0.012048192771084338
C7-PLCXD3,LAML,166,0.7648809081411633,0.7652488039905103,0.006024096385542169
CXCL10-CXCL11,LGG,513,0.7420722851657203,0.7428661050748003,0.015594541910331383
CXCL9-CXCL10,LGG,513,0.749956279366392,0.7518284818684503,0.015594541910331383
CXCL1-IL8,LGG,513,0.7301238126174663,0.7279552803286076,0.015594541910331383
C7-PLCXD3,LGG,513,0.23097261784904063,0.23372218433592243,0.021442495126705652
CXCL10-CXCL11,LIHC,364,0.8421761237040111,0.841337284140948,0.03571428571428571
CXCL9-CXCL10,LIHC,364,0.7474995110741093,0.7457252604386498,0.03571428571428571
CXCL1-IL8,LIHC,364,0.843805367728299,0.8431222523200769,0.03571428571428571
C7-PLCXD3,LIHC,364,0.8053564808227249,0.8040930125244896,0.37637362637362637
CXCL10-CXCL11,LUAD,512,0.9380752355480697,0.9378221882726253,0.134765625
CXCL9-CXCL10,LUAD,512,0.8868876201790935,0.8867865654934401,0.134765625
CXCL1-IL8,LUAD,512,0.6418090943776881,0.6416053839594748,0.1328125
C7-PLCXD3,LUAD,512,0.6147083692574049,0.6123777184725933,0.587890625
CXCL10-CXCL11,LUSC,498,0.9343209655830291,0.9342763312601416,0.15461847389558234
CXCL9-CXCL10,LUSC,498,0.8342157395515,0.8373053889774988,0.15461847389558234
CXCL1-IL8,LUSC,498,0.7410916167281989,0.7393562556618072,0.16265060240963855
C7-PLCXD3,LUSC,498,0.785432125687663,0.785485289398801,0.7248995983935743
CXCL10-CXCL11,MESO,87,0.9570605817598599,0.9571447312520602,0.011494252873563218
CXCL9-CXCL10,MESO,87,0.7483232485237297,0.7586135323157653,0.011494252873563218
CXCL1-IL8,MESO,87,0.5225450171320258,0.5299721165846202,0.022988505747126436
C7-PLCXD3,MESO,87,0.631984727009458,0.6319897642579784,0.27586206896551724
CXCL10-CXCL11,OV,301,0.94363797136212,0.9398877114827371,0.15946843853820597
CXCL9-CXCL10,OV,301,0.6973473297999351,0.6843460556464401,0.15946843853820597
CXCL1-IL8,OV,301,0.7236231022005173,0.7217624687214325,0.1893687707641196
C7-PLCXD3,OV,301,0.7018306755378122,0.7025582208983611,0.4119601328903654
CXCL10-CXCL11,PAAD,177,0.8574124409203441,0.857232644144653,0.05649717514124294
CXCL9-CXCL10,PAAD,177,0.8554409549696164,0.8567250539957226,0.05649717514124294
CXCL1-IL8,PAAD,177,0.730265663683108,0.7293903371382597,0.05649717514124294
C7-PLCXD3,PAAD,177,0.6696235349110993,0.6665278955534427,0.14124293785310735
CXCL10-CXCL11,PCPG,162,0.8667235382024763,0.8663612540413391,0.024691358024691357
CXCL9-CXCL10,PCPG,162,0.7987718736227395,0.7983190198659651,0.024691358024691357
CXCL1-IL8,PCPG,162,0.8169801165401159,0.817267673688592,0.024691358024691357
C7-PLCXD3,PCPG,162,0.6224234751842114,0.6267717127363241,0.07407407407407407
CXCL10-CXCL11,PRAD,491,0.8865448882915093,0.8863301514553458,0.034623217922606926
CXCL9-CXCL10,PRAD,491,0.8827767349765545,0.8828070862729175,0.034623217922606926
CXCL1-IL8,PRAD,491,0.6606082532636066,0.661460594184601,0.038696537678207736
C7-PLCXD3,PRAD,491,0.3491906518921802,0.3524789135118848,0.059063136456211814
CXCL10-CXCL11,READ,93,0.876055623526603,0.8790443855589571,0.053763440860215055
CXCL9-CXCL10,READ,93,0.8712064695174717,0.8690204033387382,0.053763440860215055
CXCL1-IL8,READ,93,0.6558145086687952,0.6551480187329325,0.07526881720430108
C7-PLCXD3,READ,93,0.8015941671773814,0.7875544957313605,0.24731182795698925
CXCL10-CXCL11,SARC,255,0.926818959738871,0.9247632251722117,0.2
CXCL9-CXCL10,SARC,255,0.875377055349699,0.8711593161794222,0.2
CXCL1-IL8,SARC,255,0.7273077833975352,0.7285234205591209,0.2
C7-PLCXD3,SARC,255,0.6237279006587595,0.6259852848282794,0.43529411764705883
CXCL10-CXCL11,SKCM,366,0.9626504083706195,0.96313925519949,0.13114754098360656
CXCL9-CXCL10,SKCM,366,0.9233067531617615,0.9234368966712136,0.13114754098360656
CXCL1-IL8,SKCM,366,0.5423856815053792,0.5418889714324757,0.1284153005464481
C7-PLCXD3,SKCM,366,0.6032560481231045,0.6029821694886214,0.24043715846994534
CXCL10-CXCL11,STAD,413,0.9123154943166845,0.912294182266845,0.06537530266343826
CXCL9-CXCL10,STAD,413,0.8965662535361976,0.8974687196535373,0.06537530266343826
CXCL1-IL8,STAD,413,0.7689722550399861,0.7645020475094512,0.0774818401937046
C7-PLCXD3,STAD,413,0.7704878162194039,0.7724902782477995,0.288135593220339
CXCL10-CXCL11,TGCT,150,0.9485336668599392,0.9485682666710418,0.02666666666666667
CXCL9-CXCL10,TGCT,150,0.7771669851993424,0.7770473698344612,0.02666666666666667
CXCL1-IL8,TGCT,150,0.7476516713205064,0.7489525081479149,0.06
C7-PLCXD3,TGCT,150,0.33835800943558497,0.3448687967389782,0.04
CXCL10-CXCL11,THCA,497,0.9549415117712668,0.9549880260020718,0.01006036217303823
CXCL9-CXCL10,THCA,497,0.9279579275096248,0.9282427786536596,0.01006036217303823
CXCL1-IL8,THCA,497,0.8572351263981913,0.8571027152456305,0.01006036217303823
C7-PLCXD3,THCA,497,0.5757036255187016,0.5768960111286634,0.04426559356136821
CXCL10-CXCL11,THYM,119,0.9295114656031905,0.9295674966538064,0.01680672268907563
CXCL9-CXCL10,THYM,119,0.8655889474433842,0.8689811708923743,0.01680672268907563
CXCL1-IL8,THYM,119,0.2189816760425979,0.2066399764702922,0.01680672268907563
C7-PLCXD3,THYM,119,0.60675963679049,0.5950290124888554,0.09243697478991597
CXCL10-CXCL11,UCEC,176,0.9302485807827529,0.9337970548089893,0.05113636363636364
CXCL9-CXCL10,UCEC,176,0.7519436495707682,0.7541243235689595,0.05113636363636364
CXCL1-IL8,UCEC,176,0.666685009905349,0.6672658173366243,0.0625
C7-PLCXD3,UCEC,176,0.43512470923403124,0.4350681152137415,0.17045454545454544
CXCL10-CXCL11,UCS,56,0.8974709501025291,0.8997472104303256,0.10714285714285714
CXCL9-CXCL10,UCS,56,0.6407382091592618,0.6316337635143995,0.10714285714285714
CXCL1-IL8,UCS,56,0.7394395078605606,0.7317847311082721,0.10714285714285714
C7-PLCXD3,UCS,56,0.41299147712712336,0.37737499734108554,0.42857142857142855
CXCL10-CXCL11,UVM,80,0.8960535844971711,0.8969593239215131,0.0375
CXCL9-CXCL10,UVM,80,0.8683919176909811,0.8737722100250929,0.0375
CXCL1-IL8,UVM,80,0.4563553165220497,0.45239354184219915,0.0375
C7-PLCXD3,UVM,80,0.23268583452299493,0.21951826599655838,0.0375
